<application>
  <component name="FileTypeManager" version="18">
    <extensionMap>
      <mapping pattern="nvm" type="AUTO_DETECTED" />
      <mapping pattern="prepare-commit-msg" type="AUTO_DETECTED" />
      <mapping ext="gradle.kts" type="Kotlin" />
      <mapping ext="space.kts" type="Kotlin" />
      <mapping ext="main.kts" type="Kotlin" />
      <mapping ext="p12" type="PLAIN_TEXT" />
      <mapping ext="buildinfo" type="PLAIN_TEXT" />
      <mapping ext="properties-test" type="PLAIN_TEXT" />
      <mapping ext="pub" type="PLAIN_TEXT" />
      <mapping ext="pem" type="PLAIN_TEXT" />
      <removed_mapping ext="apk" approved="true" type="ARCHIVE" />
      <removed_mapping ext="pdf" approved="true" type="Native" />
      <removed_mapping ext="psd" approved="true" type="Image" />
    </extensionMap>
  </component>
</application>