<application>
  <component name="ActionMacroManager">
    <macro name="maven sync, file sync, rebuild all">
      <action id="Maven.Reimport" />
      <action id="Synchronize" />
      <action id="CompileProject" />
    </macro>
    <macro name="format commit push">
      <action id="ReformatCode" />
      <action id="Tool_External Tools_git auto commit / auto push2" />
    </macro>
    <macro name="ehco hello">
      <action id="ActivateTerminalToolWindow" />
      <typing text-keycode="69:0;67:0;72:0;79:0;32:0;72:0;69:0;76:0;76:0;79:0">echo&amp;#x20;hello</typing>
      <shortuct text="ENTER" />
    </macro>
    <macro name="hello2">
      <action id="ActivateTerminalToolWindow" />
      <typing text-keycode="69:0;67:0;72:0;79:0;32:0;72:0;69:0;76:0;76:0;79:0;59:1">echo&amp;#x20;hello;</typing>
      <shortuct text="ENTER" />
    </macro>
    <macro name="hello3">
      <action id="HideAllWindows" />
      <action id="ActivateTerminalToolWindow" />
      <typing text-keycode="69:0;67:0;72:0;79:0;32:0;72:0;69:0;76:0;76:0;79:0;59:1">echo&amp;#x20;hello;</typing>
      <shortuct text="LEFT" />
      <typing text-keycode="99:0">3</typing>
      <shortuct text="ENTER" />
    </macro>
    <macro name="hello4">
      <action id="HideAllWindows" />
      <action id="ActivateTerminalToolWindow" />
      <shortuct text="meta V" />
      <shortuct text="ENTER" />
    </macro>
    <macro name="gitRebaseOriginMainIfNoConflict">
      <action id="HideAllWindows" />
      <action id="ActivateTerminalToolWindow" />
      <typing text-keycode="71:0;73:0;84:0;82:1;69:0;66:0;65:0;83:0;69:0;79:1;82:0;73:0;71:0;73:0;78:0;77:1;65:0;73:0;78:0;73:1;70:0;78:1;79:0;67:1;79:0;78:0;70:0;76:0;73:0;67:0;84:0">gitRebaseOriginMainIfNoConflict</typing>
      <shortuct text="ENTER" />
    </macro>
    <macro name="gitcancel">
      <typing text-keycode="71:0;73:0;84:0;67:0;65:0;78:0">gitcan</typing>
      <shortuct text="TAB" />
      <shortuct text="ENTER" />
    </macro>
    <macro name="randon">
      <action id="EditorEnter" />
      <typing text-keycode="0:0">public&amp;#x20;void&amp;#x20;fake()</typing>
      <shortuct text="shift alt 8" />
      <action id="EditorEnter" />
      <typing text-keycode="87:0;72:0;65:0;84:0;32:0;68:0;79:0">what&amp;#x20;do</typing>
    </macro>
  </component>
</application>