<keymap version="1" name="macOS copy" parent="Mac OS X 10.5+">
  <action id="$LRU">
    <keyboard-shortcut first-keystroke="ctrl meta alt o" />
  </action>
  <action id="ActivateVersionControlToolWindow">
    <keyboard-shortcut first-keystroke="meta 9" />
    <keyboard-shortcut first-keystroke="ctrl meta alt h" />
  </action>
  <action id="Annotate">
    <keyboard-shortcut first-keystroke="ctrl meta alt b" />
  </action>
  <action id="ChangesView.Move" />
  <action id="CloseAllEditors">
    <keyboard-shortcut first-keystroke="ctrl meta alt w" />
  </action>
  <action id="Console.TableResult.SetDefault" />
  <action id="Editor LRU">
    <keyboard-shortcut first-keystroke="ctrl meta alt o" />
  </action>
  <action id="Git.Branches">
    <keyboard-shortcut first-keystroke="ctrl meta alt j" />
  </action>
  <action id="Git.Fetch">
    <keyboard-shortcut first-keystroke="ctrl meta alt f" />
  </action>
  <action id="Git.SelectInGitLog">
    <keyboard-shortcut first-keystroke="ctrl meta alt e" />
  </action>
  <action id="Github.Create.Pull.Request">
    <keyboard-shortcut first-keystroke="ctrl meta alt #10000f8" />
  </action>
  <action id="Github.Open.In.Browser">
    <keyboard-shortcut first-keystroke="ctrl meta alt c" />
  </action>
  <action id="Github.View.Pull.Request">
    <keyboard-shortcut first-keystroke="ctrl meta alt #10000e5" />
  </action>
  <action id="GotoBookmark1" />
  <action id="GotoBookmark2" />
  <action id="GotoBookmark3" />
  <action id="GotoBookmark4" />
  <action id="GotoBookmark5" />
  <action id="GotoBookmark6" />
  <action id="GotoBookmark7" />
  <action id="GotoBookmark8" />
  <action id="GotoNextBookmark">
    <keyboard-shortcut first-keystroke="ctrl meta alt f3" second-keystroke="right" />
  </action>
  <action id="GotoPreviousBookmark">
    <keyboard-shortcut first-keystroke="ctrl meta alt f3" second-keystroke="left" />
  </action>
  <action id="Jdbc.OpenConsole.New" />
  <action id="Macro.maven sync, file sync, rebuild all">
    <keyboard-shortcut first-keystroke="ctrl meta alt back_slash" />
  </action>
  <action id="Maven.Reimport">
    <keyboard-shortcut first-keystroke="alt f5" />
  </action>
  <action id="MethodOverloadSwitchUp" />
  <action id="MethodUp" />
  <action id="NextEditorTab" />
  <action id="PreviousEditorTab" />
  <action id="ShowContent" />
  <action id="ToggleInlayHintsGloballyAction">
    <keyboard-shortcut first-keystroke="ctrl meta alt t" second-keystroke="i" />
  </action>
  <action id="ToggleInlineHintsAction">
    <keyboard-shortcut first-keystroke="ctrl meta alt t" second-keystroke="o" />
  </action>
  <action id="Tool_External Tools_git auto commit / auto push2">
    <keyboard-shortcut first-keystroke="ctrl meta alt s" />
  </action>
  <action id="Tool_External Tools_myScript.sh">
    <keyboard-shortcut first-keystroke="ctrl meta alt comma" />
  </action>
  <action id="Vcs.MoveChangedLinesToChangelist" />
  <action id="Vcs.Show.Local.Changes">
    <keyboard-shortcut first-keystroke="ctrl meta alt g" />
  </action>
  <action id="Vcs.UpdateProject">
    <keyboard-shortcut first-keystroke="ctrl meta alt u" />
  </action>
</keymap>