<application>
  <component name="DependencyUISettings">
    <option name="SCOPE_TYPE" value="file" />
  </component>
  <component name="KeyboardSettings">
    <option name="enabled" value="true" />
  </component>
  <component name="UISettings">
    <option name="MAX_LOOKUP_LIST_HEIGHT" value="27" />
    <option name="MAX_LOOKUP_WIDTH2" value="1065" />
    <option name="SHOW_INPLACE_COMMENTS" value="true" />
    <option name="SHOW_MAIN_TOOLBAR" value="true" />
    <option name="USE_SMALL_LABELS_ON_TABS" value="false" />
  </component>
</application>